SMILES,NAME,FILTER,MW,LogP,HBD,HBA,TPSA,Rot
Cc1cc(C)n(C(=O)CSc2nc3ccccc3o2)n1,MOL0001,OK,287.34400000000005,3.073640000000001,0,6,60.92,3
CCOc1ccc2ccccc2c1C(=O)N[C@@H]1C(=O)N2[C@@H](C(=O)[O-])C(C)(C)S[C@H]12.O.[Na+],MOL0002,OK,454.4800000000002,-2.671599999999996,1,6,130.27,5
Nc1nc2c(s1)CCc1c-2cnn1-c1ccccc1,MOL0003,OK,268.345,2.6766000000000005,1,5,56.73,1
CC(C)[C@H](NC(=O)OC(C)(C)C)c1nnc(S(=O)(=O)Cc2c(F)cccc2Cl)o1,MOL0004,OK,447.91600000000017,4.057800000000003,1,7,111.39,6
CO[C@@]1(NC(=O)C2SC(=C(C(N)=O)C(=O)O)S2)C(=O)N2C(C(=O)O)=C(CSc3nnnn3C)CS[C@@H]21,MOL0005,OK,575.6320000000002,-1.3974999999999984,4,14,219.92999999999995,9
COc1cccc(Cn2ncc3c4sc(B(O)O)cc4n(C)c3c2=O)c1,MOL0006,Filter9_metal > 0,369.2110000000001,0.6863999999999998,2,8,89.50999999999999,4
CSc1ccccc1NC(=O)c1noc2c1CCC2,MOL0007,OK,274.345,3.137500000000001,1,4,55.13,3
Cc1ccc(N/N=C(/Sc2nnnn2-c2ccccc2)C(=O)c2ccccc2)cc1,MOL0008,Filter39_imine > 0,414.49400000000014,4.3713200000000025,1,8,85.06,6
Cc1ccc(/N=C2\C(Cl)=C(O)OC2OC(=O)c2ccc(C)cc2)cc1,MOL0009,OK,357.79300000000006,4.555140000000003,1,5,68.12,3
CC(C)(C)c1cc(CN2CCN(CCC#N)CC2)cc(C(C)(C)C)c1O,MOL0010,OK,357.5420000000001,4.018480000000005,1,4,50.5,4
Cc1cc(S(=O)(=O)ON2C(=O)c3ccccc3C2=O)ccc1F,MOL0011,OK,335.31200000000007,2.0506200000000003,0,5,80.75,3
CC(=O)OCC1=C(C(=O)[O-])N2C(=O)[C@@H](NC(=O)Cc3cccs3)[C@H]2SC1.[Na+],MOL0012,Filter44_michael_acceptor2 > 0,418.4280000000001,-3.738399999999995,1,8,115.84,6
CN1C(=O)/C(=N/OC(=O)c2ccccc2Br)c2ccccc21,MOL0013,Filter9_metal > 0,359.1790000000001,2.986600000000002,0,4,58.970000000000006,2
CC1(C)S[C@@H]2[C@H](NC(=O)[C@H](N)c3ccc(O)cc3)C(=O)N2[C@H]1C(=O)O,MOL0014,OK,365.4110000000001,0.023700000000000443,4,6,132.96,4
CCO/C(O)=C(/C)C1=NC(C)(C)Cc2ccccc21.I,MOL0015,OK,387.26099999999997,4.254400000000004,1,3,41.82,3
COC(=O)c1ccccc1NC(=S)NC(=O)c1ccccc1C,MOL0016,OK,328.39300000000003,2.9084200000000013,2,4,67.43,3
COC(=O)CS(=O)(=O)c1nnc([C@H](Cc2ccccc2)NC(=O)OC(C)(C)C)o1,MOL0017,OK,425.4630000000002,1.8248,1,9,137.69000000000003,7
Cc1ccccc1C(=O)OC1OC(O)=C(Cl)/C1=N\c1ccccc1,MOL0018,OK,343.766,4.2467200000000025,1,5,68.12,3
N=C1/C(=C/c2ccc(-c3cccc(C(=O)O)c3)o2)C(=O)N=C2SC=C(c3ccccc3)N12,MOL0019,OK,441.46800000000013,4.949070000000003,2,5,106.96000000000001,4
Cn1c2cc(B(O)O)sc2c2cnn(Cc3ccccc3F)c(=O)c21,MOL0020,Filter9_metal > 0,357.17500000000007,0.8168999999999997,2,7,80.28,3
O=C(CCNS(=O)(=O)c1ccc(Cl)cc1)N1CCC2(O)CCCCC2C1,MOL0021,OK,400.92800000000034,2.162,2,4,86.71000000000001,5
CCc1ccccc1-n1c(SCC(=O)NC)nnc1-c1cccnc1,MOL0022,OK,353.451,2.729800000000001,1,6,72.7,6
CC(O)C(C(=O)OCc1ccc([N+](=O)[O-])cc1)N1C(=O)c2ccccc2C1=O,MOL0023,OK,384.34400000000016,1.6836,1,7,127.04999999999998,6
CC(Oc1ccccc1)C(=O)NC1C(=O)N2C1SC(C)(C)C2C(=O)[O-].[K+],MOL0024,OK,402.51300000000015,-3.2450999999999963,1,6,98.77000000000001,5
CCc1nc(Nc2ccc(N3CCN(C(C)=O)CC3)cc2)c2oc3ccccc3c2n1.Cl,MOL0025,OK,451.95800000000014,4.772300000000005,1,6,74.5,4
Cc1cc(C)c2c(=O)n(CC(=O)N3CCC(N4CCCCC4)CC3)sc2n1,MOL0026,OK,388.53700000000026,2.5517400000000006,0,6,58.440000000000005,3
COC(=O)/C=c1/sc2nc3ccccc3n2c1=O,MOL0027,OK,260.274,0.5815999999999998,0,6,60.669999999999995,1
NC(Cc1cc(O)c(O)cc1O)C(=O)O,MOL0028,Filter58_polyphenol2 > 0,213.18899999999996,-0.24220000000000003,5,5,124.01,3
Cc1ccccc1N1C(=O)/C(=C/c2ccco2)C(=O)NC1=S,MOL0029,OK,312.35,2.41932,1,4,62.550000000000004,2
CC(C)(C)c1ccc(C[C@H](C(=O)O)N2C(=O)c3ccc(C(=O)O)cc3C2=O)cc1,MOL0030,OK,395.4110000000001,2.9742000000000006,2,4,111.98000000000002,5
O=C(O)c1ccc2c(c1)C(=O)N([C@H](Cc1ccc(-c3ccccc3)cc1)C(=O)O)C2=O,MOL0031,OK,415.40100000000007,3.343700000000001,2,4,111.98000000000002,6
CCc1ccc(S(=O)(=O)ON2C(=O)c3ccccc3C2=O)cc1,MOL0032,OK,331.34900000000005,2.1654999999999998,0,5,80.75,4
CO/N=C(/C(=O)N[C@@H]1C(=O)N2C(C(=O)[O-])=CCS[C@H]12)c1cnc(N)s1.[Na+],MOL0033,Filter44_michael_acceptor2 > 0,405.39300000000003,-4.886499999999998,2,10,150.04,5
COC(=O)CS(=O)(=O)c1nnc([C@H](Cc2ccccc2)NC(=O)OC(C)(C)C)o1,MOL0034,OK,425.4630000000002,1.8248,1,9,137.69000000000003,7
O=C1NC(=S)N(c2ccc(F)cc2)C(=O)/C1=C/c1ccco1,MOL0035,OK,316.31300000000005,2.25,1,4,62.550000000000004,2
CCCCC(=O)NC(=S)NNC(=O)c1ccc(OC)cc1,MOL0036,Filter20_hydrazine > 0,309.3910000000001,1.5209,3,4,79.46000000000001,5
Cc1cc(C)n(-c2nc3ccccc3c(=O)n2OCc2ccc(F)cc2)n1,MOL0037,OK,364.38000000000005,2.966940000000001,0,6,61.94,4
O=P(O)(CN1CCCCCC1)C1Cc2ccccc2C1,MOL0038,OK,293.34700000000004,3.2577000000000025,1,2,40.54,3
NC(=O)c1ccsc1NC(=O)COC(=O)COc1ccccc1[N+](=O)[O-],MOL0039,OK,379.3500000000001,1.3158999999999996,2,8,150.86,8
Cc1ccc(NC(=O)CN2C(=O)S/C(=C/c3ccc(O)c([N+](=O)[O-])c3)C2=O)cc1C,MOL0040,OK,427.4380000000002,3.592240000000002,2,7,129.85,5
COC(=O)c1ccc(/N=C2\C(Cl)=C(O)OC2OC(=O)c2ccccc2)cc1,MOL0041,OK,387.7750000000001,3.7249000000000017,1,7,94.42000000000002,4
O=C(O)CC1(CC(=O)N2CCC(C(=O)O)CC2)CCCC1,MOL0043,OK,297.35100000000006,1.7347999999999992,2,3,94.91000000000001,5
Cc1onc(-c2c(F)cccc2Cl)c1C(=O)N[C@@H]1C(=O)N2C(C(=O)[O-])C(C)(C)S[C@H]12.[Na+],MOL0044,OK,475.8610000000002,-1.6428799999999988,1,7,115.57,4
Cc1ccccc1CS(=O)(=O)c1nnc([C@H](Cc2ccccc2)NC(=O)OC(C)(C)C)o1,MOL0045,OK,457.5520000000002,4.160420000000003,1,7,111.39000000000001,7
CCCCSc1nnc([C@@H]2CCCN2C(=O)OC(C)(C)C)o1,MOL0046,OK,327.45000000000005,4.033800000000004,0,6,68.46000000000001,5
C[C@H]1[C@H](NC(=O)C(=NOC(C)(C)C(=O)O)c2csc(N)n2)C(=O)N1S(=O)(=O)O,MOL0047,Filter89_hydroxylamine > 0,435.44000000000017,-1.1724999999999979,4,10,201.57999999999998,7
Cc1cc(C)nc(SSc2nc(C)cc(C)n2)n1,MOL0048,Filter56_SS_bond > 0,278.406,3.299680000000002,0,6,51.56,3
CC(C)(C)OC(=O)N[C@@H](Cc1ccccc1)c1nnc(S(=O)(=O)Cc2ccccc2)o1,MOL0049,OK,443.5250000000002,3.852000000000003,1,7,111.39,7
Cc1cc(C)c(C)c(S(=O)(=O)ON2C(=O)c3ccccc3C2=O)c1C,MOL0050,OK,359.4030000000001,2.836780000000001,0,5,80.75,3
COc1ccc(OC)c(CCNC(=O)Cn2sc3nc(C)cc(C)c3c2=O)c1,MOL0051,OK,401.48800000000017,2.45094,1,7,82.44999999999999,7
Cc1cc(C)c(NC(=O)c2cc3sc(Cl)cc3n2C)c(C)c1,MOL0052,OK,332.8560000000001,5.0707600000000035,1,3,34.03,2
Cc1ccccc1NC(=O)CN1C(=O)S/C(=C\c2ccc(-c3cc(C(=O)O)ccc3C)o2)C1=O,MOL0053,OK,476.5100000000003,4.936640000000004,2,6,116.92000000000002,6
COc1ccc(OC)c(S(=O)(=O)ON2C(=O)c3ccccc3C2=O)c1,MOL0054,OK,363.3470000000001,1.6203,0,7,99.20999999999998,5
CCC(C)[C@@H](NC(=O)OC(C)(C)C)c1nnc(S(=O)(=O)Cc2cccc(C)c2)o1,MOL0055,OK,423.5350000000002,3.9638200000000037,1,7,111.39,7
CC(C)C[C@H](N)c1nnc(S(=O)(=O)Cc2ccc(F)cc2)o1.Cl,MOL0056,OK,363.84200000000004,2.650300000000001,1,6,99.08,6
Cn1c2cc(B(O)O)sc2c2cnn(Cc3ccc(F)cc3F)c(=O)c21,MOL0057,Filter9_metal > 0,375.1650000000001,0.9559999999999997,2,7,80.28,3
Cc1cc(C)c2c(=O)n(CC(=O)NCCCN3CCOCC3)sc2n1,MOL0058,OK,364.4710000000001,0.9133400000000003,1,7,76.46000000000001,6
COc1ccc(CCNC(=O)CSc2n[nH]c(N)n2)cc1,MOL0059,OK,307.379,0.8464999999999998,3,6,105.91999999999999,7
O=C(NC(=S)Nc1ccc2c(c1)OCCO2)c1ccc(F)cc1Cl,MOL0060,OK,366.80100000000004,3.377100000000002,2,4,59.59,2
O=C1NC(=O)C(=Cc2cc3c(cc2[N+](=O)[O-])OCO3)C(=O)N1,MOL0061,OK,305.202,0.0728999999999998,2,7,136.87,2
CC(C)[C@H](NC(=O)OC(C)(C)C)c1nnc(S(=O)(=O)Cc2c(F)cccc2Cl)o1,MOL0062,OK,447.91600000000017,4.057800000000003,1,7,111.39,6
CC(Oc1ccccc1F)C(=O)NN,MOL0063,Filter20_hydrazine > 0,198.19699999999995,0.5829000000000002,2,3,64.35,3
Cc1nc(S(=O)(=O)c2ccc(Cl)cc2)c(NCc2ccccc2)o1,MOL0064,OK,362.83800000000014,4.0813200000000025,1,5,72.2,5
CCCc1c(C)nc2ccc(C(=O)O)cc2c1S,MOL0065,Filter74_thiol > 0,261.34599999999995,3.482620000000002,2,3,50.19,3
O=[N+]([O-])c1c(O)nc(O)nc1NC1CCCCC1,MOL0066,OK,254.24599999999995,1.5405999999999997,3,7,121.41000000000001,3
CC(C)C[C@H](N)c1nnc(S(=O)(=O)Cc2cccc(F)c2)o1.Cl,MOL0067,OK,363.84200000000004,2.650300000000001,1,6,99.08,6
CC[C@@H](C)[C@H](NC(=O)OC(C)(C)C)c1nnc(S(=O)(=O)Cc2cc(C)ccc2C)o1,MOL0068,OK,437.56200000000024,4.272240000000004,1,7,111.39,7
CC(C)(C)OC(=O)N[C@@H](Cc1ccccc1)c1nnc(S(=O)(=O)Cc2ccccc2)o1,MOL0069,OK,443.5250000000002,3.852000000000003,1,7,111.39,7
Cc1ccc(S(=O)(=O)N2CCC(C(=O)N[C@@H](C)C(=O)Nc3ccc4c(c3)OCO4)CC2)cc1,MOL0070,OK,473.5510000000003,2.2678199999999995,2,6,114.04000000000002,6
Cc1ccccc1CS(=O)(=O)c1nnc([C@H](CC(C)C)NC(=O)OC(C)(C)C)o1,MOL0071,OK,423.5350000000002,3.963820000000003,1,7,111.39000000000001,7
CC1=C(C(=O)O)N2C(=O)C(NC(=O)c3ccccc3Cl)C2SC1,MOL0072,OK,352.7990000000001,1.7120999999999997,2,4,86.71000000000001,3
Cn1c(=O)c2c(-c3ccc(C(C)(C)C)cc3)n(N3CCOCC3)cc2n(C)c1=O,MOL0073,Filter82_pyridinium > 0,396.49100000000027,1.9713999999999998,0,7,61.400000000000006,2
C/C(Cl)=C/CC1(CN2CCCC2=O)C(=O)NC(=O)NC1=O,MOL0074,OK,313.741,0.4938999999999999,2,4,95.58000000000001,4
CN(C)c1ccc(NC(=O)c2ccc([N+](=O)[O-])cc2Cl)cc1,MOL0075,OK,319.74800000000005,3.5665000000000013,1,4,75.48,4
O=C(O)CC1(CC(=O)N2CCOCC2)CCCC1,MOL0076,OK,255.3139999999999,1.2703999999999995,1,3,66.84,4
Cc1cc(O)c(C=O)c2c1C(=O)Oc1c(CO)c(O)c3c(c1O2)C(O)OC3=O,MOL0077,Filter38_aldehyde > 0,388.2840000000001,1.1972199999999997,4,10,159.82,2
CCOC(=O)c1cc2c(ccn2C)n1CC(=O)N1CCN(c2ccccc2)CC1,MOL0078,OK,394.4750000000002,2.505300000000001,0,6,59.71,5
Cn1c2cc(B(O)O)sc2c2cnn(Cc3c(F)cccc3F)c(=O)c21,MOL0079,Filter9_metal > 0,375.1650000000001,0.9559999999999996,2,7,80.28,3
Cc1sc2nc(CN(Cc3cccs3)C(=O)NC3CCCCC3)nc(O)c2c1C,MOL0080,OK,430.59900000000033,5.1197400000000055,2,6,78.35000000000001,5
Cn1c2cc(B(O)O)sc2c2cnn(Cc3c(F)cccc3Cl)c(=O)c21,MOL0081,Filter9_metal > 0,391.6200000000001,1.4702999999999995,2,7,80.28,3
CC(C)C[C@H](N)c1nnc(S(=O)(=O)Cc2cccc(F)c2)o1.Cl,MOL0082,OK,363.84200000000004,2.650300000000001,1,6,99.08,6
CCCc1nc(C(C)(C)O)c(C(=O)O)n1Cc1ccc(-c2ccccc2-c2nnn[nH]2)cc1,MOL0083,OK,446.5110000000001,3.656600000000002,3,7,129.81,8
Cc1cccc(N2CCN(C(=O)Cn3sc4nc(C)cc(C)c4c3=O)CC2C)c1,MOL0084,OK,410.54300000000023,3.120560000000002,0,6,58.440000000000005,3
Cc1cccc(CS(=O)(=O)c2nnc([C@H](Cc3ccccc3)NC(=O)OC(C)(C)C)o2)c1,MOL0085,OK,457.5520000000002,4.160420000000003,1,7,111.39000000000001,7
Cc1ccccc1C(=O)OC1OC(O)=C(Cl)/C1=N/c1ccc(C(=O)O)cc1,MOL0086,OK,387.7750000000001,3.9449200000000015,2,6,105.42,4
O=C(O)c1cccc2c1NC(C(=O)O)C1CC(Sc3ccccc3[N+](=O)[O-])C(Cl)C21,MOL0087,Filter1_2_halo_ether > 0,448.8840000000001,4.0435000000000025,3,6,129.77,5
O=C(O)C1Nc2c(O)cc(Cl)c([N+](=O)[O-])c2C2C=CCC12,MOL0088,OK,310.69300000000004,2.4922000000000004,3,5,112.70000000000002,2
CCOC(=O)C1CCCN(C(=O)Cn2sc3nc(C)cc(C)c3c2=O)C1,MOL0089,OK,377.4660000000002,1.8765399999999997,0,7,81.5,4
CC(C)(C)OC(=O)N[C@@H](Cc1ccccc1)c1nnc(S(=O)(=O)Cc2cccc(F)c2)o1,MOL0090,OK,461.5150000000002,3.991100000000003,1,7,111.39,7
Cc1ccccc1C(=O)OC1OC(=O)C(Cl)=C1N1CCOCC1,MOL0091,OK,337.7590000000002,1.8173199999999998,0,6,65.07000000000001,3
Cc1cc(C)c(S(=O)(=O)ON2C(=O)c3ccccc3C2=O)cc1C,MOL0092,OK,345.3760000000001,2.528360000000001,0,5,80.75,3
CC(C)CC(OC(=O)c1ccco1)C(=O)NC1CCCCC1,MOL0093,OK,307.39000000000016,3.3000000000000016,1,4,68.53999999999999,6
O=C(Oc1ccccc1)c1cccnc1Oc1ccccc1,MOL0094,OK,291.306,4.093100000000002,0,4,48.42,4
COc1ccc2c3c1OC1C(O)C=CC4C(C2)[N+](C)(C)CCC341.[I-],MOL0095,OK,441.30900000000014,-1.3502999999999967,1,3,38.69,1
O=C(O)c1ccc2c(c1)C(=O)N([C@H](Cc1cccc3ccccc13)C(=O)O)C2=O,MOL0096,OK,389.3630000000001,2.8299000000000003,2,4,111.98000000000002,5
O=C(O)c1ccc2c(c1)C(=O)N([C@H](Cc1c[nH]c3ccccc13)C(=O)O)C2=O,MOL0097,OK,378.3400000000001,2.158,3,4,127.77000000000001,5
CCC(=O)NC(=S)NNC(=O)c1ccc(OC)cc1,MOL0098,Filter20_hydrazine > 0,281.337,0.7406999999999994,3,4,79.46000000000001,3
Cc1ccc(C(=O)O)cc1-c1ccc(/C=C2\SC(=O)N(CC(=O)Nc3ccccc3)C2=O)o1,MOL0099,OK,462.48300000000023,4.628220000000003,2,6,116.92,6
O=C1OC2(c3ccccc31)c1cc(I)c(O)c(I)c1Oc1c2cc(I)c(O)c1I,MOL0100,Filter9_metal > 0,835.8950000000001,6.084200000000003,2,5,75.99000000000001,0
CN(C)P(=O)(/C(=N/c1ccccc1)N1CCCC1)N1CCCC1,MOL0101,OK,334.4040000000002,3.6204000000000027,0,2,39.150000000000006,4
Cc1nn(-c2nnc(NC3CCCCC3)nn2)c(C)c1Br,MOL0102,Filter9_metal > 0,352.24,2.5762400000000003,1,7,81.41000000000001,3
Cc1ccc(S(=O)(=O)N2CCC(C(=O)Nc3ccccc3N3CCCCC3)CC2)cc1,MOL0103,OK,441.5970000000003,4.024720000000003,1,4,69.72,5
CC[n+]1ccc(C[n+]2ccccc2)c2ccccc21.[I-].[I-],MOL0104,Filter82_pyridinium > 0,504.153,-3.508999999999997,0,0,7.76,3
O=C(CN1C(=O)S/C(=C\c2ccc(-c3cc(C(=O)O)ccc3Cl)o2)C1=O)Nc1ccc2c(c1)OCO2,MOL0105,OK,526.9100000000003,4.701900000000003,2,8,135.38000000000002,6
C[C@]12C/C(=C/O)C(=O)C[C@@H]1CC[C@@H]1[C@@H]2CC[C@@]2(C)[C@H]1CC[C@]2(C)O,MOL0106,OK,332.4840000000001,4.401000000000005,2,3,57.53,0
O=C(O)CCCCC1CCSS1,MOL0107,Filter56_SS_bond > 0,206.332,2.7851000000000017,1,3,37.3,5
Cc1ccc(N(C(=O)CNC(=O)c2ccco2)C(C(=O)NC2CCCC2)c2ccncc2)cc1,MOL0108,OK,460.5340000000003,3.546120000000003,2,5,104.54,8
CCCNC(=O)Cn1sc2nc(C)cc(C)c2c1=O,MOL0109,OK,279.365,1.6010399999999998,1,5,63.99,4
CN1CCCN(C(=O)CC2(CC(=O)O)CCCC2)CC1.Cl,MOL0110,OK,318.84499999999997,1.9974999999999992,1,3,60.85000000000001,4
Cc1onc(-c2ccccc2Cl)c1C(=O)N[C@@H]1C(=O)N2[C@@H](C(=O)[O-])C(C)(C)S[C@H]12.[Na+],MOL0111,OK,457.8710000000002,-1.7819799999999968,1,7,115.57,4
CC[C@@H](C)[C@H](NC(=O)OC(C)(C)C)c1nnc(S(=O)(=O)Cc2cc(C)ccc2C)o1,MOL0112,OK,437.56200000000024,4.272240000000004,1,7,111.39,7
CN1CCN(c2nc3c(c(=O)n(C)c(=O)n3C)n2CC(N)=O)CC1,MOL0113,Filter82_pyridinium > 0,335.36800000000017,-2.3291999999999966,1,9,111.38999999999999,3
O=CC(Br)P(=O)(N1CCOCC1)N1CCOCC1,MOL0114,Filter4_alpha_halo_carbonyl > 0,341.1420000000001,0.7638,0,4,59.08,4
CCCCNC(=O)Oc1c(Br)cc2sc(=O)oc2c1Br,MOL0115,Filter9_metal > 0,425.09800000000007,4.268000000000002,1,5,68.53999999999999,4
COc1ccc(/C=C2\N=C(C)OC2=O)cc1OC,MOL0116,Filter44_michael_acceptor2 > 0,247.24999999999997,2.0199,0,5,57.120000000000005,3
CCC(Oc1ccccc1)C(=O)NC1C(=O)N2C1SC(C)(C)C2C(=O)[O-].[K+],MOL0117,OK,416.54000000000013,-2.854999999999996,1,6,98.77000000000001,6
CCCC[n+]1c2ccccc2cc2ccccc21.[I-],MOL0118,Filter82_pyridinium > 0,363.24199999999996,1.0845999999999996,0,0,3.88,3
O=C(Nc1ccccc1)c1cc2ccccc2c(=O)s1,MOL0119,Filter14_thio_oxopyrylium_salt > 0,281.33599999999996,3.5138000000000016,1,3,46.17,2
Cc1sc2nc(C(C)C)nc(SCC(=O)NC3CC3)c2c1C,MOL0120,OK,335.49800000000016,3.802240000000002,1,5,54.88,5
Cc1ccc(/N=C2\C(Cl)=C(O)OC2OC(=O)c2ccccc2C)cc1,MOL0121,OK,357.79300000000006,4.555140000000003,1,5,68.12,3
Cc1ccc(C[C@H](C(=O)O)N2C(=O)c3ccc(C(=O)O)cc3C2=O)c(C)c1,MOL0122,OK,367.35700000000014,2.29354,2,4,111.98000000000002,5
Cc1cc(C)c2c(=O)n(CC(=O)Nc3cccc(F)c3)sc2n1,MOL0123,OK,331.37200000000007,2.852640000000001,1,5,63.99,3
O=C(O)c1ccc2c(c1)C(=O)N([C@H](Cc1ccc3ccccc3c1)C(=O)O)C2=O,MOL0124,OK,389.3630000000001,2.8299000000000003,2,4,111.98000000000002,5
CN(C)C(=S)SSC(=S)N(C)C,MOL0125,Filter56_SS_bond > 0,240.44400000000002,2.0608,0,4,6.48,0
Cc1onc(-c2c(Cl)cccc2Cl)c1C(=O)N[C@@H]1C(=O)N2[C@@H](C(=O)[O-])C(C)(C)S[C@H]12.O.[Na+],MOL0126,OK,510.33100000000024,-1.9532799999999988,1,7,147.07,4
COc1cc[n+](OC(=O)N2CCCCC2)c(C)c1.c1ccc([B-](c2ccccc2)(c2ccccc2)c2ccccc2)cc1,MOL0127,Filter9_metal > 0,570.5420000000001,4.3896200000000025,0,3,42.65,6
COC(=O)c1sc(NC(=O)c2cc(-c3ccccc3)nc3ccccc23)c(C#N)c1C,MOL0128,OK,427.4850000000002,5.182300000000003,1,6,92.07999999999998,4
CCCn1c(SCC(=O)N2CCCc3ccccc32)nc2c1c(=O)n(C)c(=O)n2C,MOL0129,Filter82_pyridinium > 0,427.5300000000002,1.9151999999999998,0,8,82.13,5
O=C1NC(=S)N(Cc2ccco2)C(=O)/C1=C\c1cccs1,MOL0130,OK,318.379,2.168,1,5,62.550000000000004,3
Cc1cc(-c2ccc(N=Nc3c(S(=O)(=O)[O-])cc4cc(S(=O)(=O)[O-])cc(N)c4c3O)c(C)c2)ccc1N=Nc1c(S(=O)(=O)[O-])cc2cc(S(=O)(=O)[O-])cc(N)c2c1O.[Na+].[Na+].[Na+].[Na+],MOL0131,Filter5_azo > 0,960.8220000000001,-6.6843600000000025,4,20,370.74,9
COc1ccc(Cl)cc1NC(=O)COc1ccc(S(=O)(=O)N2CCOCC2)cc1C,MOL0132,OK,454.9320000000003,2.6954200000000004,1,6,94.16999999999999,7
COc1ccc(-n2ccc(=O)c(C(=O)Nc3ccc(S(=O)(=O)Nc4nccs4)cc3)n2)cc1,MOL0133,OK,483.53100000000006,2.750700000000001,2,9,132.28,7
CCC(C)[C@@H](NC(=O)OC(C)(C)C)c1nnc(S(=O)(=O)Cc2cccc(C)c2)o1,MOL0134,OK,423.5350000000002,3.9638200000000037,1,7,111.39,7
N=C1/C(=C\c2ccc(-c3cccc(C(=O)O)c3)o2)C(=O)N=C2SC=C(c3ccccc3)N12,MOL0135,OK,441.46800000000013,4.949070000000003,2,5,106.96000000000001,4
Cc1ccc(C)c(S(=O)(=O)ON2C(=O)c3ccccc3C2=O)c1,MOL0136,OK,331.34900000000005,2.2199400000000002,0,5,80.75,3
NC(=O)CC1(CC(=O)O)CCCCC1,MOL0137,OK,199.24999999999994,1.286999999999999,2,2,80.39,4
CO[C@@]1(NC(=O)Cc2cccs2)C(=O)N2C(C(=O)[O-])=C(COC(N)=O)CS[C@@H]21.[Na+],MOL0138,Filter44_michael_acceptor2 > 0,449.44200000000023,-4.232099999999998,2,9,151.09,7
COc1ccc(OC)c(N2C(=O)/C(=C/c3ccco3)C(=O)NC2=S)c1,MOL0139,OK,358.37500000000006,2.1281,1,6,81.01,4
O=C1OC(OC(=O)c2ccccc2Br)C(N2CCOCC2)=C1Cl,MOL0140,Filter9_metal > 0,402.62800000000027,2.2714000000000008,0,6,65.07000000000001,3
O=C(CSc1nc(-c2ccc(F)cc2)nc2c1Cc1ccccc1O2)Nc1ccc(C(=O)O)cc1,MOL0141,OK,487.5120000000002,5.4082000000000034,2,6,101.41000000000001,6
Cc1ccc(S(=O)(=O)ON2C(=O)c3ccccc3C2=O)c(C)c1,MOL0142,OK,331.3490000000001,2.2199400000000002,0,5,80.75,3
O=C(O)c1ccc2c(c1)C(=O)N([C@H](Cc1c3ccccc3cc3ccccc13)C(=O)O)C2=O,MOL0143,Filter68_anthracene_acridine > 0,439.4230000000002,3.983100000000003,2,4,111.98000000000002,5
Cn1cc(C[C@H](C(=O)O)N2C(=O)c3ccc(C(=O)O)cc3C2=O)c2ccccc21,MOL0144,OK,392.3670000000001,2.1684,2,5,116.91000000000003,5
Cc1ccccc1/N=C1\C(Cl)=C(O)OC1OC(=O)c1ccccc1C,MOL0145,OK,357.7930000000001,4.555140000000003,1,5,68.12,3
Cc1ccc(C(=O)OC2OC(=O)C(Cl)=C2N2CCOCC2)cc1,MOL0146,OK,337.7590000000001,1.81732,0,6,65.07000000000001,3
CCc1ccc(NC(=O)c2cc3sc(Cl)cc3n2C)cc1,MOL0147,OK,318.82900000000006,4.707900000000003,1,3,34.03,3
Cc1nc(N2CCN(C(=O)c3cccs3)CC2)c2c3c(sc2n1)CCCC3,MOL0148,OK,398.55700000000024,3.9024200000000038,0,6,49.330000000000005,2
C[C@@H](NC(=O)OC(C)(C)C)c1nnc(S(=O)(=O)Cc2ccccc2)o1,MOL0149,OK,367.4270000000001,2.629200000000001,1,7,111.39,5
Nc1ccc2nc3c(O)nc(S)nc3nc2c1,MOL0150,Filter74_thiol > 0,245.26700000000002,1.1494999999999997,3,7,97.81,0
O=C(N1CCOCC1)n1nnc2ccccc21,MOL0151,OK,232.24300000000002,0.7315999999999993,0,5,60.25,0
Cc1ccccc1CS(=O)(=O)c1nnc([C@H](CC(C)C)NC(=O)OC(C)(C)C)o1,MOL0152,OK,423.5350000000002,3.963820000000003,1,7,111.39000000000001,7
O=C(N/N=C\C=C\c1ccc(Br)cc1)c1ccc2c(c1)OCO2,MOL0153,Filter9_metal > 0,373.20600000000013,3.6068000000000016,1,4,59.92,4
O=C1c2ccccc2C(=O)N1OS(=O)(=O)c1ccc(F)cc1,MOL0154,OK,321.28499999999997,1.7422,0,5,80.75,3
Cc1ccc(S(=O)(=O)c2nc(C)oc2NCc2ccccc2)cc1,MOL0155,OK,342.42,3.736340000000002,1,5,72.2,5
CCCc1cc(=O)oc2cc(OCC(=O)Nc3ccc(S(N)(=O)=O)cc3)ccc12,MOL0156,Filter14_thio_oxopyrylium_salt > 0,416.4550000000001,2.4104,2,6,128.7,7
O=C(O)C1=CC(=C(c2ccc(O)c(C(=O)O)c2)c2ccc(O)c(C(=O)O)c2)C=CC1=O,MOL0157,Filter44_michael_acceptor2 > 0,422.34500000000014,2.4460000000000006,5,6,169.42999999999998,5
CC(C)(C)OC(=O)NCCc1nnc(S(=O)(=O)Cc2ccc(Cl)cc2Cl)o1,MOL0158,OK,436.3170000000001,3.4175000000000013,1,7,111.39,6
CC(C)(C)OC(=O)N[C@@H](Cc1ccccc1)c1nnc(S(=O)(=O)Cc2cccc(F)c2)o1,MOL0159,OK,461.5150000000002,3.991100000000003,1,7,111.39,7
CC1Oc2ccccc2N(CC(=O)NCCc2ccccc2)C1=O,MOL0160,OK,324.38,2.1593999999999998,1,3,58.64,5
N#C/C(C(=O)Nc1ccc(Cl)cc1)=C(/S)Nc1ccccc1,MOL0161,Filter74_thiol > 0,329.81200000000007,4.055580000000002,3,4,64.92,4
CC1(C)S[C@@H]2[C@H](NC(=O)[C@H](N)c3ccccc3)C(=O)N2[C@H]1C(=O)OC1OC(=O)c2ccccc21.Cl,MOL0162,OK,517.9910000000003,2.0677,2,8,128.03,5
O=C1c2ccccc2C(=O)N1OS(=O)(=O)c1ccccc1,MOL0163,OK,303.29499999999996,1.6031,0,5,80.75,3
Cn1cnnc1SCC(=O)Nc1nc(-c2ccccc2)cs1,MOL0164,OK,331.426,2.6694000000000004,1,7,72.7,5
CC1(C)S[C@@H]2[C@H](NC(=O)[C@H](N)c3ccccc3)C(=O)N2[C@H]1C(=O)[O-].[Na+],MOL0165,OK,371.3940000000001,-4.012599999999997,2,6,115.56,4
